file,language,runtime,wer,mer,wil,wip,hits,substitutions,insertions,deletions,options
bb158br2509_sl.m4a,en,281.553208,0.05849889624724062,0.057658833768494344,0.07983512386558744,0.9201648761344126,4331,103,66,96,model_name=large_beam_size=5_patience=1.0_condition_on_previous_text=True_best_of=5
bb158br2509_sl.m4a,en,267.899215,0.05849889624724062,0.057658833768494344,0.07983512386558744,0.9201648761344126,4331,103,66,96,model_name=large_beam_size=5_patience=1.0_condition_on_previous_text=True_best_of=10
bb158br2509_sl.m4a,en,221.975984,0.058719646799116995,0.05825667980727114,0.08132394683901412,0.9186760531609859,4300,107,36,123,model_name=large_beam_size=5_patience=1.0_condition_on_previous_text=False_best_of=5
bb158br2509_sl.m4a,en,221.882102,0.058719646799116995,0.05825667980727114,0.08132394683901412,0.9186760531609859,4300,107,36,123,model_name=large_beam_size=5_patience=1.0_condition_on_previous_text=False_best_of=10
bb158br2509_sl.m4a,en,279.6322,0.05518763796909492,0.054537521815008726,0.07650771643632892,0.9234922835636711,4334,102,54,94,model_name=large_beam_size=5_patience=2.0_condition_on_previous_text=True_best_of=5
bb158br2509_sl.m4a,en,279.519616,0.05518763796909492,0.054537521815008726,0.07650771643632892,0.9234922835636711,4334,102,54,94,model_name=large_beam_size=5_patience=2.0_condition_on_previous_text=True_best_of=10
bb158br2509_sl.m4a,en,237.848273,0.06114790286975717,0.06057292805598076,0.08406308066129875,0.9159369193387012,4296,109,43,125,model_name=large_beam_size=5_patience=2.0_condition_on_previous_text=False_best_of=5
bb158br2509_sl.m4a,en,238.142523,0.06114790286975717,0.06057292805598076,0.08406308066129875,0.9159369193387012,4296,109,43,125,model_name=large_beam_size=5_patience=2.0_condition_on_previous_text=False_best_of=10
bb158br2509_sl.m4a,en,419.226393,0.06114790286975717,0.06042757417102967,0.08451202678420289,0.9154879732157971,4307,112,54,111,model_name=large_beam_size=10_patience=1.0_condition_on_previous_text=True_best_of=5
bb158br2509_sl.m4a,en,419.231124,0.06114790286975717,0.06042757417102967,0.08451202678420289,0.9154879732157971,4307,112,54,111,model_name=large_beam_size=10_patience=1.0_condition_on_previous_text=True_best_of=10
bb158br2509_sl.m4a,en,317.320367,0.06445916114790287,0.06386701662292213,0.08532076238582365,0.9146792376141764,4280,99,42,151,model_name=large_beam_size=10_patience=1.0_condition_on_previous_text=False_best_of=5
bb158br2509_sl.m4a,en,317.286286,0.06445916114790287,0.06386701662292213,0.08532076238582365,0.9146792376141764,4280,99,42,151,model_name=large_beam_size=10_patience=1.0_condition_on_previous_text=False_best_of=10
bb158br2509_sl.m4a,en,440.377105,0.0598233995584989,0.05910577971646674,0.08358257021005022,0.9164174297899498,4314,114,55,102,model_name=large_beam_size=10_patience=2.0_condition_on_previous_text=True_best_of=5
bb158br2509_sl.m4a,en,440.331792,0.0598233995584989,0.05910577971646674,0.08358257021005022,0.9164174297899498,4314,114,55,102,model_name=large_beam_size=10_patience=2.0_condition_on_previous_text=True_best_of=10
bb158br2509_sl.m4a,en,349.351017,0.06158940397350993,0.06101027771703477,0.08223338833431637,0.9177666116656836,4294,98,43,138,model_name=large_beam_size=10_patience=2.0_condition_on_previous_text=False_best_of=5
bb158br2509_sl.m4a,en,349.603536,0.06158940397350993,0.06101027771703477,0.08223338833431637,0.9177666116656836,4294,98,43,138,model_name=large_beam_size=10_patience=2.0_condition_on_previous_text=False_best_of=10
gk220dt2833_Ali_Shan_7of10_sl.mp4,en,199.373834,0.09994683678894205,0.0975103734439834,0.1341746218448464,0.8658253781551536,1740,72,47,69,model_name=large_beam_size=5_patience=1.0_condition_on_previous_text=True_best_of=5
gk220dt2833_Ali_Shan_7of10_sl.mp4,en,326.11207,0.13024986709197237,0.1257700205338809,0.1656687057404761,0.8343312942595239,1703,78,67,100,model_name=large_beam_size=5_patience=1.0_condition_on_previous_text=True_best_of=10
gk220dt2833_Ali_Shan_7of10_sl.mp4,en,90.074933,0.1467304625199362,0.14175654853620956,0.17622365367560755,0.8237763463243924,1671,65,66,145,model_name=large_beam_size=5_patience=1.0_condition_on_previous_text=False_best_of=5
gk220dt2833_Ali_Shan_7of10_sl.mp4,en,90.023678,0.1467304625199362,0.14175654853620956,0.17622365367560755,0.8237763463243924,1671,65,66,145,model_name=large_beam_size=5_patience=1.0_condition_on_previous_text=False_best_of=10
gk220dt2833_Ali_Shan_7of10_sl.mp4,en,244.290867,0.14779372674109517,0.140973630831643,0.17934876639330088,0.8206512336066991,1694,74,91,113,model_name=large_beam_size=5_patience=2.0_condition_on_previous_text=True_best_of=5
gk220dt2833_Ali_Shan_7of10_sl.mp4,en,262.958514,0.14513556618819776,0.14021571648690292,0.175550689371212,0.824449310628788,1674,67,66,140,model_name=large_beam_size=5_patience=2.0_condition_on_previous_text=True_best_of=10
gk220dt2833_Ali_Shan_7of10_sl.mp4,en,99.005109,0.12599681020733652,0.12216494845360824,0.15515384559364376,0.8448461544063562,1703,63,59,115,model_name=large_beam_size=5_patience=2.0_condition_on_previous_text=False_best_of=5
gk220dt2833_Ali_Shan_7of10_sl.mp4,en,99.257381,0.12599681020733652,0.12216494845360824,0.15515384559364376,0.8448461544063562,1703,63,59,115,model_name=large_beam_size=5_patience=2.0_condition_on_previous_text=False_best_of=10
gk220dt2833_Ali_Shan_7of10_sl.mp4,en,281.975143,0.11642743221690591,0.1123076923076923,0.1454068012403229,0.8545931987596771,1731,64,69,86,model_name=large_beam_size=10_patience=1.0_condition_on_previous_text=True_best_of=5
gk220dt2833_Ali_Shan_7of10_sl.mp4,en,310.086253,0.1063264221158958,0.10256410256410256,0.13305466525577503,0.866945334744225,1750,59,69,72,model_name=large_beam_size=10_patience=1.0_condition_on_previous_text=True_best_of=10
gk220dt2833_Ali_Shan_7of10_sl.mp4,en,124.580617,0.13290802764486975,0.1286008230452675,0.1589908250965525,0.8410091749034475,1694,57,63,130,model_name=large_beam_size=10_patience=1.0_condition_on_previous_text=False_best_of=5
gk220dt2833_Ali_Shan_7of10_sl.mp4,en,124.525639,0.13290802764486975,0.1286008230452675,0.1589908250965525,0.8410091749034475,1694,57,63,130,model_name=large_beam_size=10_patience=1.0_condition_on_previous_text=False_best_of=10
gk220dt2833_Ali_Shan_7of10_sl.mp4,en,371.616426,0.17862838915470494,0.16358325219084713,0.20268041994614527,0.7973195800538547,1718,77,173,86,model_name=large_beam_size=10_patience=2.0_condition_on_previous_text=True_best_of=5
gk220dt2833_Ali_Shan_7of10_sl.mp4,en,316.300939,0.10526315789473684,0.10153846153846154,0.13153438533679973,0.8684656146632003,1752,58,69,71,model_name=large_beam_size=10_patience=2.0_condition_on_previous_text=True_best_of=10
gk220dt2833_Ali_Shan_7of10_sl.mp4,en,136.836052,0.13078149920255183,0.1268041237113402,0.15759765694375827,0.8424023430562417,1694,58,59,129,model_name=large_beam_size=10_patience=2.0_condition_on_previous_text=False_best_of=5
gk220dt2833_Ali_Shan_7of10_sl.mp4,en,136.853827,0.13078149920255183,0.1268041237113402,0.15759765694375827,0.8424023430562417,1694,58,59,129,model_name=large_beam_size=10_patience=2.0_condition_on_previous_text=False_best_of=10
tc482fh1865_kfe_project_2023_wallace_sl.mp4,en,78.73762,0.15640599001663893,0.1422087745839637,0.17830497557833713,0.8216950244216629,567,24,60,10,model_name=large_beam_size=5_patience=1.0_condition_on_previous_text=True_best_of=5
tc482fh1865_kfe_project_2023_wallace_sl.mp4,en,95.170668,0.11314475873544093,0.10542635658914729,0.12762456273664624,0.8723754372633538,577,14,44,10,model_name=large_beam_size=5_patience=1.0_condition_on_previous_text=True_best_of=10
tc482fh1865_kfe_project_2023_wallace_sl.mp4,en,33.697001,0.04326123128119801,0.04304635761589404,0.06417474803498091,0.9358252519650191,578,13,3,10,model_name=large_beam_size=5_patience=1.0_condition_on_previous_text=False_best_of=5
tc482fh1865_kfe_project_2023_wallace_sl.mp4,en,33.902609,0.04326123128119801,0.04304635761589404,0.06417474803498091,0.9358252519650191,578,13,3,10,model_name=large_beam_size=5_patience=1.0_condition_on_previous_text=False_best_of=10
tc482fh1865_kfe_project_2023_wallace_sl.mp4,en,80.2727,0.2895174708818636,0.24335664335664337,0.3092340189518651,0.6907659810481349,541,50,114,10,model_name=large_beam_size=5_patience=2.0_condition_on_previous_text=True_best_of=5
tc482fh1865_kfe_project_2023_wallace_sl.mp4,en,107.696399,0.22296173044925124,0.2087227414330218,0.32058383706480764,0.6794161629351924,508,83,41,10,model_name=large_beam_size=5_patience=2.0_condition_on_previous_text=True_best_of=10
tc482fh1865_kfe_project_2023_wallace_sl.mp4,en,36.694243,0.04492512479201331,0.04462809917355372,0.06574756358450196,0.934252436415498,578,13,4,10,model_name=large_beam_size=5_patience=2.0_condition_on_previous_text=False_best_of=5
tc482fh1865_kfe_project_2023_wallace_sl.mp4,en,36.606635,0.04492512479201331,0.04462809917355372,0.06574756358450196,0.934252436415498,578,13,4,10,model_name=large_beam_size=5_patience=2.0_condition_on_previous_text=False_best_of=10
tc482fh1865_kfe_project_2023_wallace_sl.mp4,en,60.933588,0.05490848585690516,0.054009819967266774,0.0766109640079381,0.9233890359920619,578,14,10,9,model_name=large_beam_size=10_patience=1.0_condition_on_previous_text=True_best_of=5
tc482fh1865_kfe_project_2023_wallace_sl.mp4,en,60.981662,0.05490848585690516,0.054009819967266774,0.0766109640079381,0.9233890359920619,578,14,10,9,model_name=large_beam_size=10_patience=1.0_condition_on_previous_text=True_best_of=10
tc482fh1865_kfe_project_2023_wallace_sl.mp4,en,49.733795,0.026622296173044926,0.026622296173044926,0.03975386721961427,0.9602461327803857,585,8,0,8,model_name=large_beam_size=10_patience=1.0_condition_on_previous_text=False_best_of=5
tc482fh1865_kfe_project_2023_wallace_sl.mp4,en,49.531922,0.026622296173044926,0.026622296173044926,0.03975386721961427,0.9602461327803857,585,8,0,8,model_name=large_beam_size=10_patience=1.0_condition_on_previous_text=False_best_of=10
tc482fh1865_kfe_project_2023_wallace_sl.mp4,en,67.223584,0.04658901830282862,0.0462046204620462,0.06731510122949447,0.9326848987705055,578,13,5,10,model_name=large_beam_size=10_patience=2.0_condition_on_previous_text=True_best_of=5
tc482fh1865_kfe_project_2023_wallace_sl.mp4,en,67.138607,0.04658901830282862,0.0462046204620462,0.06731510122949447,0.9326848987705055,578,13,5,10,model_name=large_beam_size=10_patience=2.0_condition_on_previous_text=True_best_of=10
tc482fh1865_kfe_project_2023_wallace_sl.mp4,en,55.129067,0.036605657237936774,0.036605657237936774,0.05456724667926338,0.9454327533207366,579,11,0,11,model_name=large_beam_size=10_patience=2.0_condition_on_previous_text=False_best_of=5
tc482fh1865_kfe_project_2023_wallace_sl.mp4,en,54.992751,0.036605657237936774,0.036605657237936774,0.05456724667926338,0.9454327533207366,579,11,0,11,model_name=large_beam_size=10_patience=2.0_condition_on_previous_text=False_best_of=10
kp010zv7055_a_sl.m4a,en,187.744394,0.9984251968503937,0.9984251968503937,0.9999945883053278,5.411694672186595e-06,1,290,0,344,model_name=large_beam_size=5_patience=1.0_condition_on_previous_text=True_best_of=5
kp010zv7055_a_sl.m4a,en,203.854759,0.9984251968503937,0.9984251968503937,0.9999940348365545,5.965163445478406e-06,1,263,0,371,model_name=large_beam_size=5_patience=1.0_condition_on_previous_text=True_best_of=10
kp010zv7055_a_sl.m4a,en,75.304007,0.9433070866141732,0.9433070866141732,0.996517158904625,0.0034828410953750234,36,550,0,49,model_name=large_beam_size=5_patience=1.0_condition_on_previous_text=False_best_of=5
kp010zv7055_a_sl.m4a,en,98.572802,0.9181102362204724,0.9181102362204724,0.9922294384734754,0.007770561526524512,52,496,0,87,model_name=large_beam_size=5_patience=1.0_condition_on_previous_text=False_best_of=10
kp010zv7055_a_sl.m4a,en,193.598957,0.9968503937007874,0.9968503937007874,0.9999811400820406,1.8859917959356877e-05,2,332,0,301,model_name=large_beam_size=5_patience=2.0_condition_on_previous_text=True_best_of=5
kp010zv7055_a_sl.m4a,en,262.648191,0.9858267716535433,0.9858267716535433,0.999628107711026,0.0003718922889740823,9,334,0,292,model_name=large_beam_size=5_patience=2.0_condition_on_previous_text=True_best_of=10
kp010zv7055_a_sl.m4a,en,67.445129,0.8992125984251969,0.7919556171983356,0.9348656785548866,0.06513432144511348,150,308,86,177,model_name=large_beam_size=5_patience=2.0_condition_on_previous_text=False_best_of=5
kp010zv7055_a_sl.m4a,en,76.008182,0.9559055118110236,0.9529042386185244,0.9973850132202109,0.0026149867797890577,30,510,2,95,model_name=large_beam_size=5_patience=2.0_condition_on_previous_text=False_best_of=10
kp010zv7055_a_sl.m4a,en,171.751314,0.9811023622047244,0.9811023622047244,0.9989830867554111,0.0010169132445888211,12,211,0,412,model_name=large_beam_size=10_patience=1.0_condition_on_previous_text=True_best_of=5
kp010zv7055_a_sl.m4a,en,236.006346,0.9968503937007874,0.9968503937007874,0.9999704262319323,2.957376806772393e-05,2,211,0,422,model_name=large_beam_size=10_patience=1.0_condition_on_previous_text=True_best_of=10
kp010zv7055_a_sl.m4a,en,72.35706,0.9338582677165355,0.9265625,0.9934114769744691,0.0065885230255309,47,476,5,112,model_name=large_beam_size=10_patience=1.0_condition_on_previous_text=False_best_of=5
kp010zv7055_a_sl.m4a,en,72.254555,0.9338582677165355,0.9265625,0.9934114769744691,0.0065885230255309,47,476,5,112,model_name=large_beam_size=10_patience=1.0_condition_on_previous_text=False_best_of=10
kp010zv7055_a_sl.m4a,en,189.568219,1.0,1.0,1.0,0.0,0,210,0,425,model_name=large_beam_size=10_patience=2.0_condition_on_previous_text=True_best_of=5
kp010zv7055_a_sl.m4a,en,269.934616,0.9937007874015747,0.9937007874015747,0.9998870096394902,0.000112990360509869,4,219,0,412,model_name=large_beam_size=10_patience=2.0_condition_on_previous_text=True_best_of=10
kp010zv7055_a_sl.m4a,en,80.699156,0.9401574803149606,0.7981283422459893,0.9342361051022469,0.06576389489775317,151,282,113,202,model_name=large_beam_size=10_patience=2.0_condition_on_previous_text=False_best_of=5
kp010zv7055_a_sl.m4a,en,94.143296,0.9401574803149606,0.7981283422459893,0.9305472212491813,0.06945277875081864,151,253,113,231,model_name=large_beam_size=10_patience=2.0_condition_on_previous_text=False_best_of=10
qf378nj5000_sl.mp4,en,595.77839,1.301484828921885,0.9723472668810289,0.9989741769576649,0.0010258230423351039,172,4461,1573,14,model_name=large_beam_size=5_patience=1.0_condition_on_previous_text=True_best_of=5
qf378nj5000_sl.mp4,en,705.97847,1.2788896061975468,0.9725085910652921,0.9990048179799603,0.0009951820200396742,168,4471,1464,8,model_name=large_beam_size=5_patience=1.0_condition_on_previous_text=True_best_of=10
qf378nj5000_sl.mp4,en,304.650621,1.2403701312674844,0.9711878685762426,0.9989379836726021,0.0010620163273978313,171,4466,1288,10,model_name=large_beam_size=5_patience=1.0_condition_on_previous_text=False_best_of=5
qf378nj5000_sl.mp4,en,304.867154,1.2403701312674844,0.9711878685762426,0.9989379836726021,0.0010620163273978313,171,4466,1288,10,model_name=large_beam_size=5_patience=1.0_condition_on_previous_text=False_best_of=10
qf378nj5000_sl.mp4,en,822.360435,1.3630299117710352,0.9735628650476483,0.9990199726291977,0.0009800273708022867,172,4465,1859,10,model_name=large_beam_size=5_patience=2.0_condition_on_previous_text=True_best_of=5
qf378nj5000_sl.mp4,en,721.073571,1.3167635033354852,0.9723502304147466,0.9989633777123127,0.0010366222876873371,174,4465,1646,8,model_name=large_beam_size=5_patience=2.0_condition_on_previous_text=True_best_of=10
qf378nj5000_sl.mp4,en,331.48859,1.2429524424359801,0.9714093508240834,0.9989523136684422,0.0010476863315578495,170,4467,1299,10,model_name=large_beam_size=5_patience=2.0_condition_on_previous_text=False_best_of=5
qf378nj5000_sl.mp4,en,331.283608,1.2429524424359801,0.9714093508240834,0.9989523136684422,0.0010476863315578495,170,4467,1299,10,model_name=large_beam_size=5_patience=2.0_condition_on_previous_text=False_best_of=10
qf378nj5000_sl.mp4,en,722.056456,1.3072950290510006,0.9721555448871819,0.9989555673167497,0.0010444326832502267,174,4462,1602,11,model_name=large_beam_size=10_patience=1.0_condition_on_previous_text=True_best_of=5
qf378nj5000_sl.mp4,en,1108.513189,1.273294598665806,0.9741521238063879,0.9991257157849533,0.0008742842150466054,157,4483,1427,7,model_name=large_beam_size=10_patience=1.0_condition_on_previous_text=True_best_of=10
qf378nj5000_sl.mp4,en,432.028017,1.2429524424359801,0.9727180868979455,0.9990476366736087,0.0009523633263912855,162,4477,1291,8,model_name=large_beam_size=10_patience=1.0_condition_on_previous_text=False_best_of=5
qf378nj5000_sl.mp4,en,431.972029,1.2429524424359801,0.9727180868979455,0.9990476366736087,0.0009523633263912855,162,4477,1291,8,model_name=large_beam_size=10_patience=1.0_condition_on_previous_text=False_best_of=10
qf378nj5000_sl.mp4,en,832.081738,1.2784592210027974,0.9718632422705709,0.9989570350916233,0.0010429649083767455,172,4466,1466,9,model_name=large_beam_size=10_patience=2.0_condition_on_previous_text=True_best_of=5
qf378nj5000_sl.mp4,en,799.439967,1.2760921024316763,0.9719718079003442,0.9989670967268824,0.0010329032731175559,171,4467,1454,9,model_name=large_beam_size=10_patience=2.0_condition_on_previous_text=True_best_of=10
qf378nj5000_sl.mp4,en,473.669241,1.2451043684097267,0.9721102150537635,0.999002045235063,0.0009979547649370353,166,4471,1305,10,model_name=large_beam_size=10_patience=2.0_condition_on_previous_text=False_best_of=5
qf378nj5000_sl.mp4,en,473.79486,1.2451043684097267,0.9721102150537635,0.999002045235063,0.0009979547649370353,166,4471,1305,10,model_name=large_beam_size=10_patience=2.0_condition_on_previous_text=False_best_of=10
fh290wd1772_v2_sp_sl.m4a,en,22.014797,0.3391304347826087,0.32231404958677684,0.4229977116704805,0.5770022883295195,246,40,18,59,model_name=large_beam_size=5_patience=1.0_condition_on_previous_text=True_best_of=5
fh290wd1772_v2_sp_sl.m4a,en,22.769147,0.3391304347826087,0.32231404958677684,0.4229977116704805,0.5770022883295195,246,40,18,59,model_name=large_beam_size=5_patience=1.0_condition_on_previous_text=True_best_of=10
fh290wd1772_v2_sp_sl.m4a,en,15.659258,0.2927536231884058,0.29022988505747127,0.3881049094829747,0.6118950905170253,247,39,3,59,model_name=large_beam_size=5_patience=1.0_condition_on_previous_text=False_best_of=5
fh290wd1772_v2_sp_sl.m4a,en,15.678252,0.2927536231884058,0.29022988505747127,0.3881049094829747,0.6118950905170253,247,39,3,59,model_name=large_beam_size=5_patience=1.0_condition_on_previous_text=False_best_of=10
fh290wd1772_v2_sp_sl.m4a,en,23.583815,0.3333333333333333,0.3185595567867036,0.41917650446300025,0.5808234955369997,246,40,16,59,model_name=large_beam_size=5_patience=2.0_condition_on_previous_text=True_best_of=5
fh290wd1772_v2_sp_sl.m4a,en,24.74273,0.3391304347826087,0.32231404958677684,0.4229977116704805,0.5770022883295195,246,40,18,59,model_name=large_beam_size=5_patience=2.0_condition_on_previous_text=True_best_of=10
fh290wd1772_v2_sp_sl.m4a,en,16.57204,0.2927536231884058,0.29022988505747127,0.3881049094829747,0.6118950905170253,247,39,3,59,model_name=large_beam_size=5_patience=2.0_condition_on_previous_text=False_best_of=5
fh290wd1772_v2_sp_sl.m4a,en,16.572769,0.2927536231884058,0.29022988505747127,0.3881049094829747,0.6118950905170253,247,39,3,59,model_name=large_beam_size=5_patience=2.0_condition_on_previous_text=False_best_of=10
fh290wd1772_v2_sp_sl.m4a,en,26.7568,0.336231884057971,0.31693989071038253,0.4099041684369541,0.5900958315630459,250,36,21,59,model_name=large_beam_size=10_patience=1.0_condition_on_previous_text=True_best_of=5
fh290wd1772_v2_sp_sl.m4a,en,26.747456,0.336231884057971,0.31693989071038253,0.4099041684369541,0.5900958315630459,250,36,21,59,model_name=large_beam_size=10_patience=1.0_condition_on_previous_text=True_best_of=10
fh290wd1772_v2_sp_sl.m4a,en,22.755045,0.2898550724637681,0.28735632183908044,0.38526736631684155,0.6147326336831584,248,39,3,58,model_name=large_beam_size=10_patience=1.0_condition_on_previous_text=False_best_of=5
fh290wd1772_v2_sp_sl.m4a,en,22.73864,0.2898550724637681,0.28735632183908044,0.38526736631684155,0.6147326336831584,248,39,3,58,model_name=large_beam_size=10_patience=1.0_condition_on_previous_text=False_best_of=10
fh290wd1772_v2_sp_sl.m4a,en,28.339937,0.336231884057971,0.31693989071038253,0.4099041684369541,0.5900958315630459,250,36,21,59,model_name=large_beam_size=10_patience=2.0_condition_on_previous_text=True_best_of=5
fh290wd1772_v2_sp_sl.m4a,en,28.346298,0.336231884057971,0.31693989071038253,0.4099041684369541,0.5900958315630459,250,36,21,59,model_name=large_beam_size=10_patience=2.0_condition_on_previous_text=True_best_of=10
fh290wd1772_v2_sp_sl.m4a,en,24.10311,0.2898550724637681,0.28735632183908044,0.38526736631684155,0.6147326336831584,248,39,3,58,model_name=large_beam_size=10_patience=2.0_condition_on_previous_text=False_best_of=5
fh290wd1772_v2_sp_sl.m4a,en,24.078165,0.2898550724637681,0.28735632183908044,0.38526736631684155,0.6147326336831584,248,39,3,58,model_name=large_beam_size=10_patience=2.0_condition_on_previous_text=False_best_of=10
bg405cn7261_v2_sl.mp4,en,227.409102,0.07310420076377523,0.06907216494845361,0.08041462084015283,0.9195853791598472,1806,22,107,5,model_name=large_beam_size=5_patience=1.0_condition_on_previous_text=True_best_of=5
bg405cn7261_v2_sl.mp4,en,241.610511,0.04964539007092199,0.04814814814814815,0.06033493341137741,0.9396650665886226,1799,23,57,11,model_name=large_beam_size=5_patience=1.0_condition_on_previous_text=True_best_of=10
bg405cn7261_v2_sl.mp4,en,102.034226,0.022913256955810146,0.022641509433962263,0.03173962122310081,0.9682603787768992,1813,17,22,3,model_name=large_beam_size=5_patience=1.0_condition_on_previous_text=False_best_of=5
bg405cn7261_v2_sl.mp4,en,101.58662,0.022913256955810146,0.022641509433962263,0.03173962122310081,0.9682603787768992,1813,17,22,3,model_name=large_beam_size=5_patience=1.0_condition_on_previous_text=False_best_of=10
bg405cn7261_v2_sl.mp4,en,222.352181,0.1789416257501364,0.1561161351737268,0.17905026641773325,0.8209497335822667,1773,48,268,12,model_name=large_beam_size=5_patience=2.0_condition_on_previous_text=True_best_of=5
bg405cn7261_v2_sl.mp4,en,315.339489,0.08346972176759411,0.0781010719754977,0.08935634151775618,0.9106436584822438,1806,22,126,5,model_name=large_beam_size=5_patience=2.0_condition_on_previous_text=True_best_of=10
bg405cn7261_v2_sl.mp4,en,110.085419,0.024549918166939442,0.02425876010781671,0.035462170573720586,0.9645378294262794,1810,21,22,2,model_name=large_beam_size=5_patience=2.0_condition_on_previous_text=False_best_of=5
bg405cn7261_v2_sl.mp4,en,110.963557,0.024549918166939442,0.02425876010781671,0.035462170573720586,0.9645378294262794,1810,21,22,2,model_name=large_beam_size=5_patience=2.0_condition_on_previous_text=False_best_of=10
bg405cn7261_v2_sl.mp4,en,278.749095,0.06928532460447354,0.065905552672548,0.0784180875810011,0.9215819124189989,1800,24,94,9,model_name=large_beam_size=10_patience=1.0_condition_on_previous_text=True_best_of=5
bg405cn7261_v2_sl.mp4,en,378.449593,0.06546644844517185,0.06217616580310881,0.0725020249471221,0.9274979750528779,1810,20,97,3,model_name=large_beam_size=10_patience=1.0_condition_on_previous_text=True_best_of=10
bg405cn7261_v2_sl.mp4,en,146.061392,0.022913256955810146,0.022690437601296597,0.033397813236309304,0.9666021867636907,1809,20,18,4,model_name=large_beam_size=10_patience=1.0_condition_on_previous_text=False_best_of=5
bg405cn7261_v2_sl.mp4,en,146.901845,0.022913256955810146,0.022690437601296597,0.033397813236309304,0.9666021867636907,1809,20,18,4,model_name=large_beam_size=10_patience=1.0_condition_on_previous_text=False_best_of=10
bg405cn7261_v2_sl.mp4,en,324.706165,0.09547190398254228,0.08816120906801007,0.09595923220693181,0.9040407677930682,1810,15,152,8,model_name=large_beam_size=10_patience=2.0_condition_on_previous_text=True_best_of=5
bg405cn7261_v2_sl.mp4,en,232.46592,0.04091653027823241,0.04006410256410257,0.053354627811279975,0.94664537218872,1797,25,39,11,model_name=large_beam_size=10_patience=2.0_condition_on_previous_text=True_best_of=10
bg405cn7261_v2_sl.mp4,en,157.868231,0.022913256955810146,0.022690437601296597,0.033397813236309304,0.9666021867636907,1809,20,18,4,model_name=large_beam_size=10_patience=2.0_condition_on_previous_text=False_best_of=5
bg405cn7261_v2_sl.mp4,en,157.975835,0.022913256955810146,0.022690437601296597,0.033397813236309304,0.9666021867636907,1809,20,18,4,model_name=large_beam_size=10_patience=2.0_condition_on_previous_text=False_best_of=10
gn213vd3845_ev_1_sl.mp4,es,58.866942,0.21608832807570977,0.20176730486008837,0.26335428024053,0.73664571975947,542,42,45,50,model_name=large_beam_size=5_patience=1.0_condition_on_previous_text=True_best_of=5
gn213vd3845_ev_1_sl.mp4,es,74.404766,0.2539432176656151,0.24393939393939393,0.31097183020643093,0.6890281697935691,499,45,26,90,model_name=large_beam_size=5_patience=1.0_condition_on_previous_text=True_best_of=10
gn213vd3845_ev_1_sl.mp4,es,39.612014,0.23659305993690852,0.23547880690737832,0.2941818939348848,0.7058181060651152,487,40,3,107,model_name=large_beam_size=5_patience=1.0_condition_on_previous_text=False_best_of=5
gn213vd3845_ev_1_sl.mp4,es,39.415046,0.23659305993690852,0.23547880690737832,0.2941818939348848,0.7058181060651152,487,40,3,107,model_name=large_beam_size=5_patience=1.0_condition_on_previous_text=False_best_of=10
gn213vd3845_ev_1_sl.mp4,es,123.038718,0.444794952681388,0.36910994764397903,0.46032159001686457,0.5396784099831354,482,67,130,85,model_name=large_beam_size=5_patience=2.0_condition_on_previous_text=True_best_of=5
gn213vd3845_ev_1_sl.mp4,es,110.071943,0.24921135646687698,0.24307692307692308,0.31698673273025857,0.6830132672697414,492,51,16,91,model_name=large_beam_size=5_patience=2.0_condition_on_previous_text=True_best_of=10
gn213vd3845_ev_1_sl.mp4,es,45.325921,0.15772870662460567,0.15600624024961,0.22151440837105874,0.7784855916289413,541,45,7,48,model_name=large_beam_size=5_patience=2.0_condition_on_previous_text=False_best_of=5
gn213vd3845_ev_1_sl.mp4,es,45.245067,0.15772870662460567,0.15600624024961,0.22151440837105874,0.7784855916289413,541,45,7,48,model_name=large_beam_size=5_patience=2.0_condition_on_previous_text=False_best_of=10
gn213vd3845_ev_1_sl.mp4,es,145.545288,0.25236593059936907,0.22377622377622378,0.3059373591707977,0.6940626408292023,555,64,81,15,model_name=large_beam_size=10_patience=1.0_condition_on_previous_text=True_best_of=5
gn213vd3845_ev_1_sl.mp4,es,179.339635,0.15930599369085174,0.15097159940209268,0.20488958990536288,0.7951104100946371,568,37,35,29,model_name=large_beam_size=10_patience=1.0_condition_on_previous_text=True_best_of=10
gn213vd3845_ev_1_sl.mp4,es,56.7038,0.24132492113564669,0.23981191222570533,0.30128559292329815,0.6987144070767018,485,42,4,107,model_name=large_beam_size=10_patience=1.0_condition_on_previous_text=False_best_of=5
gn213vd3845_ev_1_sl.mp4,es,56.70943,0.24132492113564669,0.23981191222570533,0.30128559292329815,0.6987144070767018,485,42,4,107,model_name=large_beam_size=10_patience=1.0_condition_on_previous_text=False_best_of=10
gn213vd3845_ev_1_sl.mp4,es,66.337176,0.44952681388012616,0.4371165644171779,0.507092302399965,0.4929076976000351,367,46,18,221,model_name=large_beam_size=10_patience=2.0_condition_on_previous_text=True_best_of=5
gn213vd3845_ev_1_sl.mp4,es,66.335316,0.44952681388012616,0.4371165644171779,0.507092302399965,0.4929076976000351,367,46,18,221,model_name=large_beam_size=10_patience=2.0_condition_on_previous_text=True_best_of=10
gn213vd3845_ev_1_sl.mp4,es,64.471558,0.1608832807570978,0.15912636505460218,0.23114930239451226,0.7688506976054877,539,50,7,45,model_name=large_beam_size=10_patience=2.0_condition_on_previous_text=False_best_of=5
gn213vd3845_ev_1_sl.mp4,es,64.575822,0.1608832807570978,0.15912636505460218,0.23114930239451226,0.7688506976054877,539,50,7,45,model_name=large_beam_size=10_patience=2.0_condition_on_previous_text=False_best_of=10
gj097zq7635_a_sl.m4a,en,614.025903,0.12419006479481641,0.11710794297352342,0.15988700722829619,0.8401129927717038,6936,346,448,126,model_name=large_beam_size=5_patience=1.0_condition_on_previous_text=True_best_of=5
gj097zq7635_a_sl.m4a,en,737.223415,0.12311015118790497,0.11672852937412005,0.15975704625632303,0.840242953743677,6901,345,405,162,model_name=large_beam_size=5_patience=1.0_condition_on_previous_text=True_best_of=10
gj097zq7635_a_sl.m4a,en,366.798341,0.09867710583153348,0.095755829185224,0.13589123845374484,0.8641087615462552,6903,315,226,190,model_name=large_beam_size=5_patience=1.0_condition_on_previous_text=False_best_of=5
gj097zq7635_a_sl.m4a,en,367.01917,0.09867710583153348,0.095755829185224,0.13589123845374484,0.8641087615462552,6903,315,226,190,model_name=large_beam_size=5_patience=1.0_condition_on_previous_text=False_best_of=10
gj097zq7635_a_sl.m4a,en,616.835218,0.11622570194384449,0.11037046532495834,0.15443284240733224,0.8455671575926678,6940,356,393,112,model_name=large_beam_size=5_patience=2.0_condition_on_previous_text=True_best_of=5
gj097zq7635_a_sl.m4a,en,915.13007,0.14673326133909287,0.1369880277252678,0.1887309222874627,0.8112690777125373,6848,428,527,132,model_name=large_beam_size=5_patience=2.0_condition_on_previous_text=True_best_of=10
gj097zq7635_a_sl.m4a,en,400.249215,0.09840712742980562,0.09528166252777415,0.13876379370342784,0.8612362062965722,6922,345,243,141,model_name=large_beam_size=5_patience=2.0_condition_on_previous_text=False_best_of=5
gj097zq7635_a_sl.m4a,en,400.373196,0.09840712742980562,0.09528166252777415,0.13876379370342784,0.8612362062965722,6922,345,243,141,model_name=large_beam_size=5_patience=2.0_condition_on_previous_text=False_best_of=10
gj097zq7635_a_sl.m4a,en,733.189756,0.11001619870410367,0.1052835550962408,0.14876281962646087,0.8512371803735391,6926,348,333,134,model_name=large_beam_size=10_patience=1.0_condition_on_previous_text=True_best_of=5
gj097zq7635_a_sl.m4a,en,733.369198,0.11001619870410367,0.1052835550962408,0.14876281962646087,0.8512371803735391,6926,348,333,134,model_name=large_beam_size=10_patience=1.0_condition_on_previous_text=True_best_of=10
gj097zq7635_a_sl.m4a,en,537.35964,0.1027267818574514,0.09985566198661593,0.13910586841357342,0.8608941315864266,6860,306,213,242,model_name=large_beam_size=10_patience=1.0_condition_on_previous_text=False_best_of=5
gj097zq7635_a_sl.m4a,en,537.094394,0.1027267818574514,0.09985566198661593,0.13910586841357342,0.8608941315864266,6860,306,213,242,model_name=large_beam_size=10_patience=1.0_condition_on_previous_text=False_best_of=10
gj097zq7635_a_sl.m4a,en,741.321828,0.10367170626349892,0.09959797691609389,0.14435397239226777,0.8556460276077322,6943,359,303,106,model_name=large_beam_size=10_patience=2.0_condition_on_previous_text=True_best_of=5
gj097zq7635_a_sl.m4a,en,741.329811,0.10367170626349892,0.09959797691609389,0.14435397239226777,0.8556460276077322,6943,359,303,106,model_name=large_beam_size=10_patience=2.0_condition_on_previous_text=True_best_of=10
gj097zq7635_a_sl.m4a,en,588.869378,0.09273758099352052,0.09013382314353188,0.12984841188579466,0.8701515881142053,6935,312,214,161,model_name=large_beam_size=10_patience=2.0_condition_on_previous_text=False_best_of=5
gj097zq7635_a_sl.m4a,en,589.03297,0.09273758099352052,0.09013382314353188,0.12984841188579466,0.8701515881142053,6935,312,214,161,model_name=large_beam_size=10_patience=2.0_condition_on_previous_text=False_best_of=10
br525sp8033_FV4289_v4_sl.mp4,ru,125.395569,0.5283687943262412,0.47151898734177217,0.573719124480313,0.426280875519687,167,31,34,84,model_name=large_beam_size=5_patience=1.0_condition_on_previous_text=True_best_of=5
br525sp8033_FV4289_v4_sl.mp4,ru,167.624608,0.5319148936170213,0.4716981132075472,0.593149974052932,0.406850025947068,168,42,36,72,model_name=large_beam_size=5_patience=1.0_condition_on_previous_text=True_best_of=10
br525sp8033_FV4289_v4_sl.mp4,ru,34.012369,0.15602836879432624,0.1543859649122807,0.23434575127211377,0.7656542487278862,241,25,3,16,model_name=large_beam_size=5_patience=1.0_condition_on_previous_text=False_best_of=5
br525sp8033_FV4289_v4_sl.mp4,ru,33.94416,0.15602836879432624,0.1543859649122807,0.23434575127211377,0.7656542487278862,241,25,3,16,model_name=large_beam_size=5_patience=1.0_condition_on_previous_text=False_best_of=10
br525sp8033_FV4289_v4_sl.mp4,ru,128.876207,0.20921985815602837,0.19798657718120805,0.28171369649414024,0.7182863035058598,239,27,16,16,model_name=large_beam_size=5_patience=2.0_condition_on_previous_text=True_best_of=5
br525sp8033_FV4289_v4_sl.mp4,ru,178.737335,0.4397163120567376,0.33695652173913043,0.40529417640595344,0.5947058235940466,244,25,86,13,model_name=large_beam_size=5_patience=2.0_condition_on_previous_text=True_best_of=10
br525sp8033_FV4289_v4_sl.mp4,ru,37.327157,0.1276595744680851,0.1276595744680851,0.19926960939980942,0.8007303906001906,246,22,0,14,model_name=large_beam_size=5_patience=2.0_condition_on_previous_text=False_best_of=5
br525sp8033_FV4289_v4_sl.mp4,ru,37.135464,0.1276595744680851,0.1276595744680851,0.19926960939980942,0.8007303906001906,246,22,0,14,model_name=large_beam_size=5_patience=2.0_condition_on_previous_text=False_best_of=10
br525sp8033_FV4289_v4_sl.mp4,ru,147.832623,0.3049645390070922,0.2621951219512195,0.3365055627308363,0.6634944372691637,242,25,46,15,model_name=large_beam_size=10_patience=1.0_condition_on_previous_text=True_best_of=5
br525sp8033_FV4289_v4_sl.mp4,ru,235.909966,0.25886524822695034,0.2310126582278481,0.3043401427864566,0.6956598572135434,243,24,34,15,model_name=large_beam_size=10_patience=1.0_condition_on_previous_text=True_best_of=10
br525sp8033_FV4289_v4_sl.mp4,ru,48.429027,0.1702127659574468,0.1696113074204947,0.2637844611528821,0.7362155388471179,235,30,1,17,model_name=large_beam_size=10_patience=1.0_condition_on_previous_text=False_best_of=5
br525sp8033_FV4289_v4_sl.mp4,ru,48.314232,0.1702127659574468,0.1696113074204947,0.2637844611528821,0.7362155388471179,235,30,1,17,model_name=large_beam_size=10_patience=1.0_condition_on_previous_text=False_best_of=10
br525sp8033_FV4289_v4_sl.mp4,ru,159.974584,0.3723404255319149,0.3,0.36838394679798814,0.6316160532020119,245,24,68,13,model_name=large_beam_size=10_patience=2.0_condition_on_previous_text=True_best_of=5
br525sp8033_FV4289_v4_sl.mp4,ru,209.93828,0.20212765957446807,0.18811881188118812,0.2600146735143066,0.7399853264856934,246,23,21,13,model_name=large_beam_size=10_patience=2.0_condition_on_previous_text=True_best_of=10
br525sp8033_FV4289_v4_sl.mp4,ru,52.345584,0.14893617021276595,0.14893617021276595,0.2378532867577008,0.7621467132422992,240,28,0,14,model_name=large_beam_size=10_patience=2.0_condition_on_previous_text=False_best_of=5
br525sp8033_FV4289_v4_sl.mp4,ru,52.266326,0.14893617021276595,0.14893617021276595,0.2378532867577008,0.7621467132422992,240,28,0,14,model_name=large_beam_size=10_patience=2.0_condition_on_previous_text=False_best_of=10
bw689yg2740_sl.mp4,en,883.729107,0.11582670203359859,0.11065123743559423,0.14876846522795584,0.8512315347720442,10529,457,529,324,model_name=large_beam_size=5_patience=1.0_condition_on_previous_text=True_best_of=5
bw689yg2740_sl.mp4,en,969.566423,0.1200707338638373,0.11459915611814346,0.15290146585005682,0.8470985341499432,10492,458,540,360,model_name=large_beam_size=5_patience=1.0_condition_on_previous_text=True_best_of=10
bw689yg2740_sl.mp4,en,609.777787,0.10415561450044208,0.09983050847457627,0.13591582394497526,0.8640841760550247,10622,433,490,255,model_name=large_beam_size=5_patience=1.0_condition_on_previous_text=False_best_of=5
bw689yg2740_sl.mp4,en,609.625678,0.10415561450044208,0.09983050847457627,0.13591582394497526,0.8640841760550247,10622,433,490,255,model_name=large_beam_size=5_patience=1.0_condition_on_previous_text=False_best_of=10
bw689yg2740_sl.mp4,en,1137.518197,0.12785145888594165,0.12043978010994502,0.15822293622380168,0.8417770637761983,10560,457,696,293,model_name=large_beam_size=5_patience=2.0_condition_on_previous_text=True_best_of=5
bw689yg2740_sl.mp4,en,1208.552643,0.13244916003536694,0.12634952766531715,0.170212300589222,0.829787699410778,10358,528,546,424,model_name=large_beam_size=5_patience=2.0_condition_on_previous_text=True_best_of=10
bw689yg2740_sl.mp4,en,642.365985,0.11609195402298851,0.1101510067114094,0.1447255919403776,0.8552744080596224,10607,414,610,289,model_name=large_beam_size=5_patience=2.0_condition_on_previous_text=False_best_of=5
bw689yg2740_sl.mp4,en,642.235308,0.11609195402298851,0.1101510067114094,0.1447255919403776,0.8552744080596224,10607,414,610,289,model_name=large_beam_size=5_patience=2.0_condition_on_previous_text=False_best_of=10
bw689yg2740_sl.mp4,en,2002.290463,0.17966401414677277,0.16208024248225253,0.20640124927682257,0.7935987507231774,10505,563,1227,242,model_name=large_beam_size=10_patience=1.0_condition_on_previous_text=True_best_of=5
bw689yg2740_sl.mp4,en,1331.369108,0.14261715296198055,0.13644053459651498,0.17382288187225958,0.8261771181277404,10209,433,512,668,model_name=large_beam_size=10_patience=1.0_condition_on_previous_text=True_best_of=10
bw689yg2740_sl.mp4,en,852.206635,0.10229885057471265,0.09851000425713069,0.13340701701821023,0.8665929829817898,10588,415,435,307,model_name=large_beam_size=10_patience=1.0_condition_on_previous_text=False_best_of=5
bw689yg2740_sl.mp4,en,852.065786,0.10229885057471265,0.09851000425713069,0.13340701701821023,0.8665929829817898,10588,415,435,307,model_name=large_beam_size=10_patience=1.0_condition_on_previous_text=False_best_of=10
bw689yg2740_sl.mp4,en,1575.924262,0.14783377541998233,0.1392753019575177,0.18144481874677387,0.8185551812532261,10333,505,695,472,model_name=large_beam_size=10_patience=2.0_condition_on_previous_text=True_best_of=5
bw689yg2740_sl.mp4,en,1950.520605,0.14748010610079576,0.13624111737319283,0.1728488161293802,0.8271511838706198,10575,446,933,289,model_name=large_beam_size=10_patience=2.0_condition_on_previous_text=True_best_of=10
bw689yg2740_sl.mp4,en,926.374808,0.10548187444739168,0.10102464222203404,0.13599367302055543,0.8640063269794446,10616,418,499,276,model_name=large_beam_size=10_patience=2.0_condition_on_previous_text=False_best_of=5
bw689yg2740_sl.mp4,en,926.400584,0.10548187444739168,0.10102464222203404,0.13599367302055543,0.8640063269794446,10616,418,499,276,model_name=large_beam_size=10_patience=2.0_condition_on_previous_text=False_best_of=10
